"country","questionnaire","context","text"
"Algeria","Systems","PublicFinance","feg"
"Algeria","Systems","PublicFinance","czvz"
"Argentina","Agency","Agency","Chatbot MIA - chatbot de consulta de cara a la ciudadanía"
"Argentina","Agency","Agency","Trayectoria formativa en IA"
"Argentina","Agency","Agency","Predicción de deserción escolar"
"Australia","Agency","Agency","AI for Operational Blueprint (OB – Knowledge Management): AI for OB is a digital tool that helps staff quickly find clear and consistent information they need to support people in using Services Australia’s payments and services. It is designed to benefit frontline staff and, in turn, the public, by making it easier to locate the right guidance without searching through long or complex documents. The initiative was developed to address delays, confusion, and errors caused by difficult information searches, and to give staff more time to focus on helping people with their individual needs."
"Australia","Agency","Agency","CLIKChat – an internal chatbot that supports Department of Veterans’ Affairs that summarises information from publicly available government sources – is designed to help staff easily navigate publicly available policy and compensation information and aims to improve the speed and accuracy of information for claims teams. The tool draws solely on public, non-personal information."
"Australia","Agency","Agency","TM Checker is IP Australia's free trade mark availability check designed to lower the bar of entry for small to medium businesses by simplifying the learning process of a complex IP system. The tool allows customers to check the potential registrability of their trademarks and then proceed through the application process. TM Checker guides customers through a step-by-step process. It leverages AI-powered search tools to identify potential issues. This includes similarity and distinctiveness, the most common reasons for rejection."
"Australia","Manager","PublicFinance","Documents Register Agent.

Finance developed the Document Register Agent (DRA) an AI-enabled tool that supports a business area to extract and record key information from documents. It uses AI and automation to extract key information from documents and store it in a consistent format. DRA was developed to improve access to historical records, reduce duplication of work, and address problems caused by broken links, inconsistent document formats and limited searchability."
"Australia","Manager","PublicFinance","GovAI Chat.

GovAI Chat is a secure, government-controlled generative AI tool developed specifically for the Australian Public Service (APS).  
The goal of GovAI Chat is to give public servants access to the advanced AI capabilities of a contemporary chat interface tailored to the APS context – with the security, compliance, and public sector knowledge embedded in the GovAI environment."
"Australia","Manager","Tax","Tax Time Nudging – help reduce taxpayer compliance costs and improve the efficiency of the tax system."
"Australia","Manager","Tax","MyID Fraud Detection - myID digital platform provides an easy and secure way for individuals to prove their identity and access a range of government online services. We use AI to scan all myID accounts to identify and risk score the likelihood of digital identity theft (third-party fraud)."
"Australia","Manager","Tax","AI-assisted Law Interpretation and Insight – AI learns from law frameworks and precedential rulings to suggest correct application of the law. This helps clients understand and comply with legislation correctly and helps case officers make consistent decisions."
"Australia","Systems","Tax","Tax Time Nudging – help reduce taxpayer compliance costs and improve the efficiency of the tax system."
"Australia","Systems","Tax","MyID Fraud Detection - myID digital platform provides an easy and secure way for individuals to prove their identity and access a range of government online services. We use AI to scan all myID accounts to identify and risk score the likelihood of digital identity theft (third-party fraud)."
"Australia","Systems","Tax","AI-assisted Law Interpretation and Insight – AI learns from law frameworks and precedential rulings to suggest correct application of the law. This helps clients understand and comply with legislation correctly and helps case officers make consistent decisions."
"Austria","Agency","Agency","GovGPT"
"Austria","Agency","Agency","AI in the Electronic file management system"
"Austria","Agency","Agency","Grants4Companies"
"Austria","Manager","Health","internal instance of Open WebUI: knowledge management, drafting texts"
"Austria","Manager","PublicFinance","Fraud Detection - Employee tax assessment, Child benefit and many more"
"Austria","Manager","PublicFinance","Digitization of land registries"
"Austria","Manager","PublicFinance","for everything"
"Austria","Manager","Tax","Predictive Analytics - Fraud Detection"
"Austria","Systems","Tax","TMIS Ecosystem"
"Azerbaijan","Agency","Agency","Voice Bot"
"Azerbaijan","Agency","Agency","Document Management System"
"Azerbaijan","Agency","Agency","Digital Twin for Transport"
"Belgium","Agency","Agency","Artificial intelligence for social fraud detection by the National Social Security Office (RSZ)"
"Belgium","Agency","Agency","Chatbots DIV, Bea, Dofi etc."
"Belgium","Agency","Agency","Belgium's AI Antenna BE-AIFA"
"Benin","Agency","Agency","GPT-BJ : Chatbot sur le site des services publics qui permet d'orienter les citoyens vers le bon service selon leur besoin"
"Benin","Agency","Agency","Anonymisation intelligente de données : Module permettant d'identifier automatiquement les données personnelles sur des données structurées ou document grâce aux LLM"
"Benin","Agency","Agency","Intelligent Document Processing : Extraire des données structurées à partir de documents comme le passeport, un levé topographique ou encore un acte de naissance. Permet le traitement automatique de demandes grâce aux agents IA"
"Benin","Manager","PublicFinance","CUSTOMS WEBB - Détection de fraude dans les déclaration en douane -  système d'information dou    anier"
"Benin","Manager","PublicFinance","eRepertoire"
"Benin","Manager","PublicFinance","SECUROUTE - détection de comportements deviants dans les contrôles routiers"
"Benin","Systems","Procurement","Chatbot pour se renseigner sur la procedure"
"Benin","Systems","Procurement","Assistant vocal pour la prise d'information"
"Benin","Systems","Procurement","Analyse des documents soumis"
"Bhutan","Agency","Agency","Chatbot"
"Bhutan","Agency","Agency","Dzongkha NLP"
"Bhutan","Agency","Agency","Machine Translation from English to Dzongkha for public service delivery portal"
"Bhutan","Systems","CivilService","chatbot for RCSC"
"Brazil","Agency","Agency","Tax Collection"
"Burkina Faso","Agency","Agency","LegiChat, offrir un assistant interactif pour permettre au citoyen d’interroger le corpus législatif du Burkina Faso."
"Burkina Faso","Agency","Agency","BeatMonitor, Exploiter par le bureau du droit d'auteur pour détecter l'exploitation d'une œuvre de l'esprit a la télé, a la radio, dans les bar, restaurant, et faire un tableau de bord qui facilite la répartition des droits"
"Burkina Faso","Agency","Agency","Meta Oeil, Solution de détection d'accidents a partir des images de surveillance vidéos urbaines"
"Burkina Faso","Manager","CivilService","Plateforme d'inscription aux concours directs de la fonction publique"
"Burkina Faso","Manager","CivilService","Plateforme d'inscription aux concours professionnels de la fonction publique"
"Burkina Faso","Manager","CivilService","Plate de Correction électronique des copies des candidats"
"Burkina Faso","Manager","Education","Aucun"
"Burkina Faso","Systems","CivilService","Système d'accès en Ligne aux Informations Administratives et Salariales (ALIAS)"
"Burkina Faso","Systems","CivilService","econcours.gov.bf , inscriptions en ligne aux concours professionnels"
"Burkina Faso","Systems","CivilService","Circuit intégré des missions (développé par l'ANPTIC)"
"Cambodia","Agency","Agency","TranslateKH -  A machine translation tool for both English -> Khmer and Khmer -> English"
"Cambodia","Agency","Agency","EKYC"
"Cambodia","Agency","Agency","Sarika - A text to speech platform for Khmer language"
"Cambodia","Manager","Tax","GDT Chatbot – BEAURAMEI, it works as an official digital service to provide tax-related information, announcements, and general assistance to the public 24H/7."
"Cambodia","Manager","Tax","GDT Lucky Draw Bot, it operates the GDT Telegram Lucky Draw Bot as an official digital service to allow users to conveniently submit invoices or receipts paid to businesses, participate in the tax lucky draw program, and receive related tax information and announcements."
"Cambodia","Systems","CivilService","Not yet"
"Canada","Agency","Agency","Public Service and Procurement Canada’s GC Translate: A self-service language hub that provides employees with access to a variety of secure, real-time AI-driven language tools, trained with Canadian data."
"Canada","Agency","Agency","Canada’s Pre-load Air Cargo Targeting: A system that uses AI to detect risks in air cargo shipment data, making the transport of air cargo more secure and reducing the risk that concealed explosive devices or threat items cause harm to the transportation sector and the traveling public."
"Canada","Agency","Agency","Employment and Social Development’s Temporary Foreign Worker Program (TFWP) Labor Market Impact Assessment (LMIA) and Fraud Detection: The project aims to develop an RPA/AI-generated report that enhances TFWP officers' efficiency in reviewing LMIA by automating data analysis and identifying potential fraud."
"Canada","Manager","CivilService","Microsoft Copilot: General-purpose generative AI solution"
"Canada","Manager","CivilService","GitHub Copilot: Generative AI solution specialized in programming code generation and application development support."
"Canada","Manager","CivilService","DEEPL PRO: Translation solution"
"Canada","Manager","Procurement","Microsoft Copilot: Act as a ""virtual assistant"" to improve productivity by executing tasks automatically or suggesting solutions based on artificial intelligence."
"Canada","Manager","Tax","Digital Identity Verification"
"Canada","Manager","Tax","Genni - Provide a secure Protected B GenAI platform for personal productivity, integration into business flows with RAG and system prompt capabilities"
"Canada","Systems","CivilService","Artificial Intelligence Virtual Assistant (AIVA): Automates pay intake, calculations, and document handling, with all outputs reviewed, validated, and approved by compensation professionals.

The Compensation Virtual Assistant chatbot provides timely, reliable answers drawn from over 80,000 business rules, 150+ collective agreements, and more than 40,000 pages of directives, terms and conditions, and salary tables.

AIVA is a key component of the Government of Canada’s compensation services modernization. It supports the transformation of the HR-to-Pay intake process from a manual, transaction-based model to an efficient, data-driven, and client-centric approach. By combining intelligent automation with a user-friendly interface, AIVA reduces administrative burden, accelerates intake processing, and enables Compensation Advisors to focus on higher-value work."
"Canada","Systems","PublicFinance","Custom tool for proof of concept purpose: Fraud detection proof of concept"
"Canada","Systems","Tax","automated risk assessment tool"
"Chile","Agency","Agency","Analista Virtual en gestión de licencias médicas de FONASA.
Objetivo: Disminuir los tiempos de procesamiento de licencias médicas y acortar el plazo de pago por parte de las COMPIN."
"Chile","Agency","Agency","Modelo Predictivo para fiscalizaciones proactivas de la Dirección del Trabajo (DT)
Objetivo: Aumentar la eficacia de las fiscalizaciones proactivas."
"Chile","Agency","Agency","DART: Inteligencia Artificial en oftalmología utilizada por el Ministerio de Salud (Minsal)
Objetivo: Prevenir desarrollo de retinopatía diabética y mejorar disponibilidad de oftalmólogos."
"Chile","Manager","CivilService","Sistema de Evaluación Curricular, Eficientar la etapa de evaluación curricular en el proceso de selección que realizan los servicios públicos."
"Chile","Manager","CivilService","Sistema de búsqueda y atracción de talentos, head hunting sobre base de practicantes exitoso del estado del Chile, para integrarse a servicios públicos como primera experiencia laboral."
"Chile","Manager","CivilService","Búsqueda en profundidad de antecedentes públicos de postulantes a cargos de Alta Dirección Pública"
"Chile","Manager","Health","Codificación automatizada utilizando procesamiento de lenguaje natural"
"Chile","Manager","Health","."
"Chile","Manager","Procurement","Herramienta LLM Observatorio - Detección de irregularidades en procesos de compra"
"Chile","Manager","Procurement","Agente para el apoyo a la evaluación de Licitaciones"
"Chile","Manager","Procurement","Comparador de precios - Comparación de precios mediante el match de productos entre canales de compra y comparación con el mercado"
"Chile","Manager","Tax","Buscador de contenidos del sitio web www.sii.cl"
"Chile","Manager","Tax","Chatbot de apoyo a la Jurisprudencia"
"Chile","Manager","Tax","PoC para desarrollo de API con IA"
"Chile","Systems","Procurement","Evaluador de Licitaciones asistida por Agentes - Evaluar automatizadamente las ofertas de licitaciones publicas para determinar la oferta ganadora en funcion de los criterios de seleccion"
"Chile","Systems","Procurement","LLM OBservatorio - Deteccion de irregularidades en procesos de compra"
"Chile","Systems","Procurement","Comparación de precios  - match de productos entre canales de compra y mercado para la determinacion de ineficiencias en las compras públicas"
"Congo (DRC)","Agency","Agency","AI State exam correction (Snote Manager)"
"Congo (DRC)","Agency","Agency","AI data analysis in the field of the universal health coverage"
"Congo (DRC)","Agency","Agency","AI data mining exploration and analysis"
"Costa Rica","Agency","Agency","Gestión del tránsito"
"Costa Rica","Agency","Agency","Solución basada en IA para mejorar servicios de atención a mujeres"
"Costa Rica","Agency","Agency","IA y Big Data para presupuestos"
"Czechia","Agency","Agency","AI assistant for preparation of municipal IT strategies(""informační koncepce""). Purpose: use of AI (generative AI, LLM and NLP) to support municipalities in preparing municipal  ICT strategies through guided questionnaires, recommendations, and structured outputs, addressing capacity gaps in local public administrations."
"Czechia","Agency","Agency","AI-assisted pre-filling of public service forms. Purpose: Use of AI (LLM, NLP and conversational interfaces) to support users in completing electronic forms, reducing errors and improving accessibility of digital public services.  The AI use within the Digital and Information Agency is currently focused on pilot projects and experimentation, with the aim of validating use cases before wider deoployment across public administation."
"Czechia","Agency","Agency","AI pilot project in the central filing office of the Ministry of Interior for distributing delivered digital submissions."
"Czechia","Manager","Education","Microsoft Copilot M365 - for 100 employees (the rest has Copilot chat at their disposal)"
"Czechia","Manager","Education","Support for administrative processes of some subsidy programs, including automation of email processing"
"Czechia","Manager","Education","Support for decision-making processes within the agenda of recognition of foreign education for health and social insurance purposes"
"Czechia","Manager","Procurement","Anakonda - automation of funds targeting regional development"
"Czechia","Manager","Procurement","Checker -  automated evaluation of requests for funds targeting low amount contracts"
"Czechia","Manager","Procurement","Meeting minutes automation"
"Czechia","Manager","Tax","POC ADAM - The aim of the service was to develop, test, and evaluate a functional prototype of an internal chatbot with AI elements, based on selected implementation structure documents, with a focus on error rate. The chatbot is intended to answer questions, provide"
"Czechia","Manager","Tax","--"
"Czechia","Systems","Procurement","Zakazky.gov - AI assistant for searching from within currently available public contracts"
"Czechia","Systems","Procurement","Checker - automation of document validation of small public contracts"
"Ecuador","Agency","Agency","No aplica, en el Ecuador estamos trabajando en la Gobernanza de IA."
"Egypt","Agency","Agency","Title: Breast Cancer (MASA)
Application Domain Healthcare
	 
Technology Domain Computer vision
Brief:
Early detection is the most powerful tool in the fight against breast cancer. The Breast Cancer (MASA) AI-driven diagnostic solution supports radiologists and oncologists, enhancing the accuracy of mammogram interpretations, ensuring that life-saving diagnoses happen with an accuracy close to 90% for Egyptian women.
Description: 
Breast cancer is the most common cancer occurring in women worldwide. Early diagnosis of breast cancer can lead to proper treatment of affected patients, increase breast cancer survival rates, and significant reduction of treatment costs, personal trauma, and social burden. Screening for early diagnosis and treatment is a major step towards fighting the disease. Using artificial intelligence for screening and early detection can help with the process.
The Breast Cancer (MASA) solution has been developed using artificial intelligence, specifically computer vision techniques, to assist radiologists and oncologists in breast cancer detection during mammogram-based screening. The center in partnership with the Baheya Foundation created a reliable, and high-quality data set that was be used for training the AI models using mammograms from 60K Egyptian women.
The solution analyzes mammogram images to detect abnormal masses, classify them as benign or malignant, identify calcifications, detect asymmetrical features between breasts, while considering the breast tissue density according to the ACR classification. Results are presented according to the global BI-RADS standard. The solution accuracy is over 90% for Egyptian women.
With the deployment of the solution in Baheya hospitals, and solution launch in August 2025, the solution will help automate some of the breast cancer diagnosis tasks, aiding medical staff, reducing the examination costs, increasing the efficiency of this process, and making it available to a larger number of women for periodic checkup."
"Ethiopia","Agency","Agency","Mela Agent"
"Ethiopia","Agency","Agency","smart court systems"
"Ethiopia","Agency","Agency","Immigration and citizen service"
"Greece","Agency","Agency","mAIgov – AI Citizen Service Assistant: Its purpose is to provide automated, natural language assistance to citizens regarding public services, administrative procedures, and the contents of the gov.gr portal. In addition, it has recently been embedded in gov.gr wallet."
"Greece","Agency","Agency","Contracts' check in Cadastre: AI recognizes the content of contracts, identifies critical legal elements, and automatically generates recommendations to the supervisor, who makes the final decision."
"Greece","Manager","CivilService","Goal Setting"
"Greece","Manager","CivilService","“Procedures”"
"Greece","Manager","CivilService","WorkForce Plan"
"Greece","Manager","Education","School vocational guidance using Machine Learning Techniques"
"Greece","Manager","Education","AI assistant of Panhellenic Schools Network"
"Greece","Manager","Education","AI focus within the “Education Innovation Centers” for capacity‑building and pedagogical AI uses"
"Greece","Manager","Tax","GEMINI – Tax data and other relevant economic data, data sources, legislation, complex questions regarding legislation, tax simulations based on special designed prompts"
"Greece","Manager","Tax","CHATGPT - inquiries concerning legislation and several special tax issues , best practices in EU"
"Greece","Manager","Tax","COPILOT - Tax data and other relevant economic data, data sources, legislation, complex questions regarding legislation, tax simulations"
"Greece","Systems","CivilService","Goal Setting"
"Greece","Systems","CivilService","Performance Management"
"Greece","Systems","CivilService","Workforce Planning"
"Greece","Systems","Education","Eduplan"
"Guatemala","Agency","Agency","Chat GPT - Asistente personal para servidores públicos"
"Guatemala","Agency","Agency","Gemini"
"Guatemala","Agency","Agency","Copilot"
"Guatemala","Manager","Education","Lenguaje natural  para hacer consultas sobre la base de datos de estudiantes y centros educativos."
"Guatemala","Manager","Education","Lago de datos"
"Guatemala","Manager","Education","Chatbot para atención de consultas en general sobre los trámites simplificados utilizando lenguaje natural"
"Guatemala","Systems","Education","Consulta al sistema de registros educativos y de docentes utilizando lenguaje natural"
"Guatemala","Systems","Education","Lago de Datos para consultas a registros de Estudiantes, Docentes"
"Guatemala","Systems","Education","Chatbot para atención de consultas sobre los trámites administrativos simplificados con lenguaje natural"
"Hungary","Agency","Agency","1818 MIA Chatbot - hybrid chatbot with text-to-speech and speech-to-text functionalities to support clients of various connected public services. The MIA chatbot is an in‑house, custom‑developed hybrid chatbot service that we have been using at the 1818 Government Hotline since 2022 not to replace human intelligence, but to support and enhance operators' work. In 2025, MIA was already able to respond to 63% of customer inquiries without operator intervention. However, in more complex life situations - where precise answers are required and hallucination‑related errors must be avoided - the chatbot redirects the conversation to a human operator. These cases fall into two categories: in most of them, the chatbot still provides answer suggestions to the operator, who can select from them, significantly speeding up response times. In the more complicated cases making up a few percent of all questions, the operator provides the final answer directly.
Currently, MIA does not use a large language model; therefore, it does not perform LLM‑based analysis of customer questions and does not search in any RAG-model knowledge base. Instead, it learns exclusively from conversations between operators and customers, and only provides automated responses for pre‑validated question‑answer pairs."
"Hungary","Agency","Agency","AI-assisted service management in the Municipality ASP service (centrally provided SaaS package of specialised softwares for the 3200 local municipalities in Hungary): Since a significant share of incoming incident tickets are not actual faults but stem from users’ lack of knowledge, an AI‑based self‑learning algorithm has been introduced to support back‑office ticket handling, significantly easing the workload of service managers. (Similar AI-assisted pilots are ongoing in different sectors, mostly based on in-house developments.)"
"Hungary","Agency","Agency","Piloting the use of Microsoft Copilot in office work."
"Hungary","Manager","CivilService","The Hungarian Governmental Personnel Decision Support IT System (EU funded project). Main purpose: workflow automation and knowledge management."
"Hungary","Manager","Health","OkosSzolgáltatások (Healthcare Smart Services) - The OkosSzolgáltatások (Smart Services) platform is middleware accessible through the eMedSolution medical system, which aims to provide single-point access to new, innovative, primarily AI-based smart services developed in the healthcare sector. Currently, the development of platforms displaying care, prescription, laboratory and combined healthcare data, a chat function for healthcare documents, and other applications connected as a result of cooperation with other healthcare organizations is underway."
"Hungary","Manager","Health","Brainomix (medical imaging with an AI-powered platform that automates validated imaging biomarkers)"
"Hungary","Manager","Health","Colorectal carcinoma detection AI (CRC)"
"Hungary","Manager","Tax","Personal Income Tax Chatbot, for answering questions that the taxpayers ask from our customer service"
"Hungary","Manager","Tax","CustomGPT for eVAT and Onlne Invoice systems, the main purpose is to give technical support for programmers using these systems"
"Hungary","Systems","Health","The OkosSzolgáltatások (Smart Services) platform is middleware accessible through the eMedSolution medical system, which aims to provide single-point access to new, innovative, primarily AI-based smart services developed in the healthcare sector. Currently, the development of platforms displaying care, prescription, laboratory and combined healthcare data, a chat function for healthcare documents, and other applications connected as a result of cooperation with other healthcare organizations is underway."
"Hungary","Systems","PublicFinance","MiniMaxAI/MiniMax-M2.5 - Accounting rule base optimalization for reporting consolidation"
"Hungary","Systems","PublicFinance","IBM Watson – Analysis and prediction"
"Hungary","Systems","PublicFinance","Internal developed ML model - Forecasting"
"Hungary","Systems","Tax","On-site inspection selection support"
"Hungary","Systems","Tax","X-ray image analysis support of customs inspection"
"Hungary","Systems","Tax","Invoice item categorisation"
"Jamaica","Systems","CivilService","PICA Customer Relationship Manage System"
"Jamaica","Systems","CivilService","MyHR+"
"Jamaica","Systems","CivilService","IrieFins"
"Jordan","Agency","Agency","Name: Siraj Project

Purpose: The Siraj Platform is an AI-powered smart tutoring platform specifically aligned with the Jordanian national curriculum for students and teachers. The platform designed to provide personalized, adaptive learning experiences that respond to each student’s academic level, learning pace, and individual needs."
"Jordan","Agency","Agency","Name: Data Cleansing and management  of the National Data Warehouse datasets using AI

Purpose: This project aims to use AI in data processing and cleaning to obtain accurate and relevant data, thereby improving the quality of government data for use in extracting insights and supporting decision-making based on accurate data analysis. This will enhance the efficiency of government services and achieve national strategic goals. The project It included two use cases for purifying government data. (Education data, matching lands data).
The project has been successfully completed, and the results were announced in July during a closing ceremony."
"Jordan","Agency","Agency","Name: Use of artificial intelligence in the planning and operation system for electrical loads

Purpose: The project aims to use AI to predict electricity loads, renewable energy sources, and their relationship to weather conditions. This project aims to assist electrical grid operators at the National Monitoring Center (NEPCO) in making decisions on operating conventional energy sources and monitoring renewable energy generation systems."
"Jordan","Manager","Education","Siraj platform for student and teachers"
"Jordan","Manager","Education","No"
"Jordan","Manager","Health","Paxera Imaging AI Tools"
"Jordan","Manager","Health","CAD4TB AI  that analyzes digital chest X-rays to detect pulmonary tuberculosi"
"Jordan","Manager","Health","e-ICU Telehealth solution, AI-Assisted Analytics Uses advanced, predictive algorithms and proprietary data to identify patients at risk of deterioration, allowing for early, proactive intervention."
"Jordan","Manager","Tax","Smart declarations system"
"Jordan","Manager","Tax","Smart assistant for the Income and Sales Tax Department---AI Chat"
"Jordan","Systems","CivilService","chatbot (RAG)"
"Jordan","Systems","CivilService","AI Driven Question Generation"
"Jordan","Systems","CivilService","no extra project yet"
"Jordan","Systems","Education","No"
"Jordan","Systems","Health","AI Clinical Imaging Reporting"
"Jordan","Systems","Health","Health Data Analytics Platform"
"Jordan","Systems","Health","eICU (Virtual Hospital)"
"Jordan","Systems","Tax","Using artificial intelligence in declarations"
"Jordan","Systems","Tax","Smart assistant for the Income and Sales Tax Department"
"Kazakhstan","Agency","Agency","Egov AI"
"Kazakhstan","Agency","Agency","Eotinish AI - E appeals platform"
"Kazakhstan","Agency","Agency","National AI Platform"
"Kazakhstan","Manager","CivilService","AI on the Social Services Portal (SSP)"
"Kazakhstan","Manager","CivilService","AI model for assessing citizens needs"
"Kazakhstan","Manager","CivilService","Prevention of industrial injuries"
"Kazakhstan","Manager","Education","AI-Qyzmet - training civil servants in the practical use of AI and the integration of AI tools into everyday workflows."
"Kazakhstan","Manager","Education","AI Governance 500 - preparing public sector leaders to introduce and scale AI-based solutions in public administration."
"Kazakhstan","Manager","Education","GOV HR AI - an intelligent system for analyzing HR data and supporting decision-making in public sector human resource management."
"Kazakhstan","Manager","Procurement","AI assistant for generating technical specifications"
"Kazakhstan","Systems","CivilService","Prevention of industrial injuries"
"Kazakhstan","Systems","CivilService","AI model for assessing citizens' needs"
"Kazakhstan","Systems","CivilService","AI on the Social Services Portal (SSP)"
"Kazakhstan","Systems","Education","Data Integrity AI"
"Kazakhstan","Systems","Education","AI expert for educational programs"
"Kazakhstan","Systems","Education","Risk Identification Agent (RegTech AI)"
"Kenya","Agency","Agency","chat boat and AI in agriculture"
"Kenya","Agency","Agency","https://scholarmedia.africa/agribusiness/ai-in-agriculture-how-kenyan-farmers-benefit-from-plantvillage-nuru-app/"
"Kenya","Agency","Agency","https://automag.co.ke/2025/09/01/how-ai-traffic-systems-reduce-nairobi-congestion/"
"Kosovo","Agency","Agency","Chatbot at eKosova, citizen facing query front-end."
"Kosovo","Agency","Agency","Monitoring and alert for decision making via Whole of Government platform"
"Kosovo","Agency","Agency","AI selected training for public administration"
"Kosovo","Manager","Education","MIA – Learning with Artificial Intelligence, MIA  the purpose is to support:
Students in learning, exercises and preparation for the Achievement Test, the Matura Exam and international assessments.
Teachers in lesson planning, development of teaching materials, assessment and pedagogical use of technology.
Educational institutions in digitalisation, quality assurance, security and sustainable development.
I operate in standard Albanian and adapt according to the user’s role and level."
"Kosovo","Systems","CivilService","Currently, the HRMIS generates standard reports and statistics; however, no AI/ML-based functionalities are implemented."
"Lao PDR","Manager","Education","Eduten: An AI-powered educational platform designed to improve foundational numeracy skills. It uses machine learning to provide personalized mathematics exercises, real-time analytics for teachers, and gamified tasks for students."
"Lao PDR","Manager","Education","AI Air Quality Sensors: Deployment of AI-supported sensors across schools to monitor PM2.5 and other pollutants. The system uses AI-based forecasting to predict dangerous pollution spikes, enabling MoES to make data-driven decisions on school closures and student safety."
"Lao PDR","Manager","Education",".."
"Lesotho","Agency","Agency","Agric - Extension Advisory Services"
"Lesotho","Systems","CivilService","Integrations with other systems
1. Integration with Home Affairs ID system where comparison of IDs is made and discrepancies reported"
"Lesotho","Systems","CivilService","Integration with Budget System where payroll data is shared to inform budget projection"
"Lesotho","Systems","CivilService","Integration with Central deduction Administration System to load voluntary deductions into payroll module"
"Lesotho","Systems","Tax","Customer Relationship Management Gen AI chatbot - customer engagements"
"Lesotho","Systems","Tax","Invoice Anomalies Detection Predictive ML Model - Detection of fraudulent VAT invoices"
"Lesotho","Systems","Tax","Non-Fillers Predictor ML Model - Predict taxpayers likely not to file in the next period"
"Malaysia","Agency","Agency","Income Tax Fraud Detection"
"Mexico","Agency","Agency","Chatbot 24/7"
"Mexico","Agency","Agency","Chatbot Turismo"
"Mexico","Agency","Agency","Modelo de riesgos de Aduanas"
"Mexico","Manager","Tax","sin aplicaciones a enumerar"
"Mexico","Systems","Health","Análisis de imágenes para la detección temprana de cáncer de mama"
"Mexico","Systems","Health","Sistemas predictivos"
"Mexico","Systems","Health","Patología digital"
"Myanmar","Agency","Agency","NAIIP (Name Checker App)"
"Myanmar","Agency","Agency","Legal Assistant AI Model"
"Myanmar","Agency","Agency","Safe City Surveillance System"
"Nepal","Manager","CivilService","SSF Insurance Claim process via RPA"
"Nepal","Manager","Tax","Chatbot for General Public to know about taxation Process"
"Nepal","Manager","Tax","Risk Engine"
"Nepal","Manager","Tax","Report Engine"
"New Zealand","Agency","Agency","AI to speed up Contact Centre call transcriptions."
"New Zealand","Agency","Agency","Al is able to transcribe and summarise a clinical conversation/consultation and automatically generate a medical note."
"New Zealand","Agency","Agency","Safe general use of large language models to increase productivity. problem or purpose Provide access to Generative Al technology in a cost-effective way. Prevent leakage of agency information."
"Nigeria","Agency","Agency","Name: N-ATLAS 

Purpose: The Nigerian Atlas for Languages & AI at Scale (N-ATLAS), a groundbreaking open-source multilingual large language model trained on Yoruba, Igbo, Hausa & Nigerian accented English dataset. N-ATLAS is designed to understand and generate Nigeria’s diverse voices, ensuring that the country’s linguistic richness is preserved and reflected in the global Artificial Intelligence (AI) ecosystem."
"Panama","Agency","Agency","Asistente Virtual para la Atención Ciudadana 3-1-1"
"Panama","Agency","Agency","Sistema de Alertas Tempranas y Simulación de Desastre - SINAPROC"
"Panama","Manager","Procurement","Microsoft Copilot"
"Panama","Manager","PublicFinance","ChatGPT"
"Panama","Manager","PublicFinance","COPILOT"
"Panama","Manager","PublicFinance","Gemini"
"Panama","Manager","Tax","Prellenado de Declaraciones Juradas"
"Panama","Systems","Education","No tenemos aplicaciones de IA"
"Panama","Systems","Health","Medical Appointments"
"Panama","Systems","Health","preventive control of chronical deseases"
"Panama","Systems","Procurement","Agente de Indicaciones (En piloto) - modelo entrenado para contestar preguntas relacionadas con los procesos de Contrataciones Públicas acotados a la normativa actual.   La expectativa es poder disponibilizarlo para responder consultas de carácter general, y así minorizar carga operativa del volumen de llamadas que hoy día está recibiendo la Dirección de Servicio al Cliente."
"Panama","Systems","Procurement","2do Piloto próximo a poner en ejecución - ""Preanálisis de criterios técnicos aplicables al flujo de revisión que aplica la Dirección de Procedimiento Excepcional"", llamado ""PREDIPEC"", que implica la identificación automática de presunción de división de materia, análisis de contenido, e identificación de patrones sobre los documentos que han sido proporcionados durante este proceso de contrataciones públicas.  Esto permitirá un preanalisis centrado en los criterios técnicos que hoy día llevan a cabo los abogados de la Dirección de Procedimiento Excepcional (DIPEC) pudiéndose agilizar la carga de trabajo de análisis manual que hoy día se realiza en este área."
"Panama","Systems","Procurement","3er Piloto próximo a poner en ejecución - ""Generador de Plantillas de Pliego de Cargos"" que exija el cumpliendo de la estructura técnica requerida dentro del contexto legal, para que el usuario pueda enfocarse estrictamente en proporcionar el detalle técnico de valor que sustente el requerimiento de contratación.  Esto permitirá bajar el nivel de consulta técnica que hoy día se canaliza a los especialistas de la DGCP (Dirección General de Contrataciones Públicas)"
"Panama","Systems","Tax","Sistema de Explotacion de Datos en ejecucion,"
"Panama","Systems","Tax","Detector de Anomalías"
"Panama","Systems","Tax","Puntuacion de riesgo"
"Peru","Agency","Agency","Curia"
"Peru","Agency","Agency","EleccIA"
"Peru","Agency","Agency","YachAI bot"
"Peru","Manager","Education","Sistema-de-gestiion-de-la-institución-educativa-SIAGIE      asistencia-funcional"
"Peru","Manager","Education","PERUEDUCA"
"Peru","Manager","Education","Modelo-de-identificacion-de-conductas-agresivas-en-aula"
"Peru","Manager","Health","Auditoria Prestacional con Machine Learning"
"Peru","Manager","Health","Chatboot al asegurado del SIS."
"Peru","Manager","Health","valorización de la prestación con IA"
"Peru","Manager","Tax","Agentes para evaluar y proponer mejoras en el sistema de selección de control ordinarios. Revisa modelos ML, identifica oportunidades de mejora y propone correcciones al algoritmo para la revisión de los científicos de datos y mejorar el modelo de gestión de riesgo"
"Peru","Manager","Tax","RAG para consulta de documento institucionales para los procesos de fiscalización"
"Peru","Manager","Tax","Agente para atención de recursos impugnatorios"
"Peru","Systems","Education","Peru Educa, mejorar el aprendizaje en el Peru"
"Peru","Systems","Education","Sonar Qube, control de calidad y seguridad en el código"
"Peru","Systems","Education","chatbot (proyecto)"
"Peru","Systems","Health","QURE IA Apoyo a la toma de decisiones en imagenes de radiografías de tórax"
"Peru","Systems","Health","ENSAP IA asistente virtual Orienta a los usuarios de la escuela nacional de salud pública del MINSA"
"Peru","Systems","Health","LLM En proceso de exploración  con una correcta gestión de riesgos en casos de uso controlados."
"Peru","Systems","PublicFinance","ANDREA"
"Peru","Systems","PublicFinance","MATIAS"
"Peru","Systems","PublicFinance","Plataforma IA para Conectamef"
"Peru","Systems","Tax","Agentes para evaluar y proponer mejoras en el sistema de selección de control ordinarios. Revisa modelos ML, identifica oportunidades de mejora y propone correcciones al algoritmo para la revisión de los científicos de datos y mejorar el modelo de gestión de riesgo"
"Peru","Systems","Tax","RAG para consulta de documento institucionales para los procesos de fiscalización"
"Peru","Systems","Tax","Agente para atención de recursos impugnatorios"
"Philippines","Agency","Agency","eGov AI (available in the eGovPH superapp )"
"Philippines","Manager","CivilService","Project MINAI- Managed Intelligent Network for Advanced Insight"
"Philippines","Manager","CivilService","Single Content Management System"
"Philippines","Manager","Health","KIRA - Katuwang na Impormasyon para sa Responsableng Aksyon - an  AI-powered chatbot delivering timely and reliable health information to the public."
"Philippines","Manager","Health","DOH Data Collect (DDC) Dashboards, which harness AI-enabled analytics to monitor hospital bed capacity and support real-time decision making."
"Philippines","Manager","Procurement","Gemini for Workspace – AI-powered productivity and document assistance for drafting communications, summarizing documents, generating reports, and supporting administrative workflows."
"Philippines","Manager","PublicFinance","Project (Managed Intelligent Network for Advanced Insight)  MINAI- an internal Chatbot for DBM, where in we have ingested DBM documents, such us the Budget, legal documents, Office order and circulars. then that's the time that we could utilized the system."
"Philippines","Manager","PublicFinance","Subscription to Single Content Management System (SCMS) with Chatbot Integration-The Department of Budget and Management (DBM) proposes the Subscription to a Single Content Management System (CMS) with Chatbot Integration to unify, modernize, and secure the management of DBM-managed websites. The project will consolidate multiple portals under a centralized content management platform and integrate AI-powered chatbots to enhance accessibility, transparency, and user engagement across DBM’s digital platforms.
This initiative directly supports the Open Government Partnership (OGP) transparency goals by providing citizens and stakeholders with faster, more reliable access to budget and financial information, while ensuring a consistent brand identity and efficient content governance across all DBM online properties."
"Philippines","Manager","Tax","Revie, BIR's chatbot/digital assistant: Customer Service and Letter of authority (LOA) verifier"
"Philippines","Manager","Tax","Online Registration and Update System (ORUS) uses a registration AI that uses Optical Character Registration (OCR)."
"Philippines","Manager","Tax","BIR's Risk-based audit selection tool is a predictive AI which uses ML algorithms to analyze tax returns to predict which taxpayers are most likely to have under-declared"
"Philippines","Systems","Health","Administrative Issuances"
"Philippines","Systems","PublicFinance","Subscription to Managed Intelligent Network for Advanced Insights (MINAI) Solution for the Department of Budget and Management (DBM)"
"Philippines","Systems","PublicFinance","Subscription to Single Content Management System with AI Chatbot Integration"
"Philippines","Systems","PublicFinance","Renewal of Subscription to Budget Data Analytics and Data Exchange Platform License and Support"
"Philippines","Systems","Tax","Risk-Based Audit Selection System. Per RMO 1-2026, it uses and identifies statistical outliers by comparing a taxpayer's data against industry benchmarks."
"Philippines","Systems","Tax","Revie: Using Natural Language Processing (NLP), it filters/categorizes taxpayer queries using IRIS data to verify user's status before escalating a workflow to a human revenue officer."
"Poland","Agency","Agency","Virtual assistant in mObywatel"
"Poland","Agency","Agency","Assistant in EZD RP"
"Poland","Agency","Agency","RAGs in ministries"
"Poland","Manager","Procurement","Anonymizer removes PII from documents before their publication."
"Poland","Manager","Procurement","Basic metadata extractor pulls data from a PDF judgment and places it into an Excel file."
"Poland","Manager","Procurement","Preliminary formal assessment of an appeal. Metadata extraction from numerous documents of various structures –"
"Portugal","Agency","Agency","AMALIA - AMALIA is the first LLM designed for European Portuguese, with the aim of ensuring Portugal's linguistic and cultural sovereignty. The base version was launched in SEP25 and the full multimodal version (capable of interpreting text, images and video) arrives mid-2026. Use cases will focus on the areas of education, culture, speech, media, science and public administration. The model will be openly available so that it can be used and improved by scientists and development teams on any platform"
"Portugal","Agency","Agency","Virtual Assistant on GOV.PT (public service gateway) -   The Portuguese single digital gateway, Gov.pt, provides a multilingual GenAI virtual assistant (12 languages) that gives real-time guidance on 2.300+ public services. It  benefits citizens, foreign residents and businesses by making information easier to find and understand. It was developed to cut bureaucratic friction (complex navigation, language barriers and long waits) while reducing workload on public administration"
"Portugal","Agency","Agency","LIA - LIA is a chat-based search engine specialized in the legislation published in Portugal Official Gazette. It tries to avoid the challenges most citizens (non-legal trained) have when searching legislation. Lia uses a hybrid architecture to communicate with the users and to return search results. The first version of Lia was able to respond based only on current consolidated legislation. The second version will be able to respond on current consolidated legislation and non-consolidated fragmented legislation. With the expected growth of LLM capabilities and reduction in processing costs is feasible to expect the arrival of full-fledged LLM search engines based on non-fragmented legislation"
"Portugal","Manager","CivilService","Its name is ‘Vitor’. It is a tool designed to answer queries and provide information on the DGAEP’s FAQs."
"Portugal","Manager","Education","Iaedu.pt (making professional LLMs available to higher Education Institutions)"
"Portugal","Manager","Education","Science Counter"
"Portugal","Manager","Education","PRR document auditing checker"
"Portugal","Manager","Health","MODE – The Waste Monitoring Model: Detects waste and fraud in healthcare expenditures. Developed with a hybrid approach combining business rules and unsupervised decision-tree learning, it analyzes billing and prescription data to identify anomalies, assigning risk scores from 0 to 1 to patients, doctors, pharmacies, and providers, with higher scores indicating greater risk."
"Portugal","Manager","Health","Detect SNS 24: Early detection and prevention of skin cancer. Users can capture images of skin lesions using their smartphones, which are then automatically analyzed by an AI model that compares the patterns against validated clinical image databases. The system assigns a risk score to each lesion, enabling early identification of suspicious cases, reducing the time to medical evaluation, and providing objective support to healthcare professionals in clinical decision-making."
"Portugal","Manager","Health","Predictive Coding: Translates data recorded in Electronic Health Records into standardized numeric or alphanumeric formats, allowing diagnoses and procedures to be structured and normalized. High-quality coding is essential not only for accurate hospital financing but also for medical research, epidemiological surveillance, and health system planning."
"Portugal","Manager","PublicFinance","Robotic Process Automation (RPA)"
"Portugal","Manager","PublicFinance","AI-powered Document Intelligence Assistant that enables users to query, analyze, and automatically summarize collections of documents with traceable sources."
"Portugal","Manager","PublicFinance","S3CP - Public sector expert system designed to validate compliance of control processes, ensuring sound public financial management, transparency, and accountability within a budgetary entity or across the public administration."
"Portugal","Manager","Tax","Ebalcão Inteligente – Support triage and response at the digital service desk (ebalcão)"
"Portugal","Manager","Tax","CATIA - Virtual Assistant"
"Portugal","Systems","Education","www.iaedu.pt"
"Portugal","Systems","Education","Science Counter"
"Portugal","Systems","Education","PRR document auditing checker"
"Portugal","Systems","Health","SICO (Death Certificate Information System) applies artificial intelligence to analyze death certificates in real time. Its main purpose is to identify abnormal patterns in mortality data and detect “risk moments” for public health, such as heatwaves or disease outbreaks, allowing health authorities to anticipate risks, issue alerts, and implement preventive measures more quickly and effectively."
"Portugal","Systems","Tax","Ebalcão Inteligente – Support triage and response at the digital service desk (ebalcão)"
"Portugal","Systems","Tax","CATIA – Virtual Chat Bot"
"Saudi Arabia","Agency","Agency","Tele-Stroke Platform – Ministry of Health: The Tele-Stroke Platform is a virtual urgent-care service provided through Seha Virtual Hospital to support stroke management across Saudi Arabia. The Tele-Stroke Platform provides urgent and specialized care for stroke patients by connecting peripheral hospitals with advanced stroke centers through a virtual medical platform. The platform uses artificial intelligence to support real-time CT scan analysis, accelerate diagnosis, reduce unnecessary patient transfers, improve the utilization of specialized medical personnel, lower operational costs, and enhance the quality of healthcare services."
"Saudi Arabia","Agency","Agency","Rased AI Product – Zakat, Tax and Customs Authority:
Rased is an artificial intelligence solution launched by the Zakat, Tax and Customs Authority to forecast incoming and outgoing vehicle movements at land ports. It uses advanced algorithms and predictive analytics based on internal and external factors affecting vehicle flow, providing forecasts at the daily and hourly levels. The solution supports proactive border readiness, improves operational planning and resource allocation, reduces congestion, enhances security, and improves the experience of travelers and land freight operators."
"Saudi Arabia","Agency","Agency","Verification System – Ministry of Human Resources and Social Development:
This AI solution supports compliance and control over establishment data by using artificial intelligence and natural language processing to assess whether an establishment’s trade name aligns with its declared economic activity. It processes unstructured text, detects ambiguity and inconsistencies, and automatically classifies results to support regulatory reporting and decision-making, improving data accuracy, regulatory efficiency, and market transparency."
"Saudi Arabia","Manager","CivilService","AI Cybersecurity Advisor - AI-powered cybersecurity advisor that automatically converts conditional rules written in different query languages into the unified query language used in the ministry’s cyber threat detection systems. This helps strengthen monitoring and detection capabilities for cybersecurity threats across employee devices and ministry platform servers."
"Saudi Arabia","Manager","CivilService","Musaned AI Interview Service - AI-powered behavioral assessment of domestic workers via virtual interviews using facial expression and voice pattern analysis."
"Saudi Arabia","Manager","CivilService","Verification System – Ministry of Human Resources and Social Development:
This AI solution supports compliance and control over establishment data by using artificial intelligence and natural language processing to assess whether an establishment’s trade name aligns with its declared economic activity. It processes unstructured text, detects ambiguity and inconsistencies, and automatically classifies results to support regulatory reporting and decision-making, improving data accuracy, regulatory efficiency, and market transparency"
"Saudi Arabia","Manager","Education","Microsoft Copilot through Madrasati Educational Account, Generative AI tools through Madrasati educational account , Enabling teachers and students to use generative AI tools, such as Microsoft Copilot, for educational content creation, assessment design, classroom support, and learning activities."
"Saudi Arabia","Manager","Education","Student Admission – Predicting student admission outcomes and supporting admission-related decision-making through AI-powered predictive analytics."
"Saudi Arabia","Manager","Education","Madrasati AI Assistant / Chatbot – Providing automated AI-based responses to beneficiaries’ inquiries and supporting users in accessing back-to-school and Madrasati platform services."
"Saudi Arabia","Manager","Health","SEHA Virtual Hospital — AI-supported virtual consultations, tele-ICU, and remote monitoring (world's largest virtual hospital)."
"Saudi Arabia","Manager","Health","Sehhaty - citizen super-app with AI features: symptom guidance, personalized reminders, lab results explanations."
"Saudi Arabia","Manager","Health","Tele-Stroke Platform – Ministry of Health: The Tele-Stroke Platform provides urgent and specialized care for stroke patients by connecting peripheral hospitals with advanced stroke centers through a virtual medical platform. The platform uses artificial intelligence to support real-time CT scan analysis, accelerate diagnosis, reduce unnecessary patient transfers, improve the utilization of specialized medical personnel, lower operational costs, and enhance the quality of healthcare services."
"Saudi Arabia","Manager","Procurement","Generative AI smart assistant that provides beneficiaries with direct access to information on national systems, primarily the Government Tenders and Procurement Law and its implementing regulations, using an approved knowledge base"
"Saudi Arabia","Manager","Procurement","An AI-enabled smart assistant available on Etimad Platform to provide instant responses to user inquiries and support beneficiaries in accessing information related to government procurement and financial services."
"Saudi Arabia","Manager","Procurement","Etimad Developer Portal / Government Contract Data Inquiry API - API-based access to reliable and updated government contract data for integration with beneficiary systems"
"Saudi Arabia","Manager","PublicFinance","Etimad GPT - Generative AI smart assistant that provides beneficiaries with direct access to information on national systems, primarily the Government Tenders and Procurement Law and its implementing regulations, using an approved knowledge base"
"Saudi Arabia","Manager","PublicFinance","An AI-enabled smart assistant available on Etimad Platform to provide instant responses to user inquiries and support beneficiaries in accessing information related to government procurement and financial services."
"Saudi Arabia","Manager","PublicFinance","Etimad Developer Portal / Government Contract Data Inquiry API - API-based access to reliable and updated government contract data for integration with beneficiary systems"
"Saudi Arabia","Manager","Tax","Rased is an artificial intelligence solution launched by the Zakat, Tax and Customs Authority to forecast incoming and outgoing vehicle movements at land ports. It uses advanced algorithms and predictive analytics based on internal and external factors affecting vehicle flow, providing forecasts at the daily and hourly levels. The solution supports proactive border readiness, improves operational planning and resource allocation, reduces congestion, enhances security, and improves the experience of travelers and land freight operators."
"Saudi Arabia","Manager","Tax","AskZiyad (Public Chatbot – taxpayer support and guidance)"
"Saudi Arabia","Manager","Tax","AI Product Classification System (HS code classification automation)"
"Saudi Arabia","Systems","CivilService","Verification System – Ministry of Human Resources and Social Development:
This AI solution supports compliance and control over establishment data by using artificial intelligence and natural language processing to assess whether an establishment’s trade name aligns with its declared economic activity. It processes unstructured text, detects ambiguity and inconsistencies, and automatically classifies results to support regulatory reporting and decision-making, improving data accuracy, regulatory efficiency, and market transparency"
"Saudi Arabia","Systems","CivilService","\ AI Cybersecurity Advisor - AI-powered cybersecurity advisor that automatically converts conditional rules written in different query languages into the unified query language used in the ministry’s cyber threat detection systems. This helps strengthen monitoring and detection capabilities for cybersecurity threats across employee devices and ministry platform servers."
"Saudi Arabia","Systems","CivilService","Musaned AI Interview Service - AI-powered behavioral assessment of domestic workers via virtual interviews using facial expression and voice pattern analysis."
"Saudi Arabia","Systems","Education","Microsoft Copilot through Madrasati Educational Account, Generative AI tools through Madrasati educational account , Enabling teachers and students to use generative AI tools, such as Microsoft Copilot, for educational content creation, assessment design, classroom support, and learning activities."
"Saudi Arabia","Systems","Education","Student Admission – Predicting student admission outcomes and supporting admission-related decision-making through AI-powered predictive analytics."
"Saudi Arabia","Systems","Education","Madrasati AI Assistant / Chatbot – Providing automated AI-based responses to beneficiaries’ inquiries and supporting users in accessing back-to-school and Madrasati platform services."
"Saudi Arabia","Systems","Health","Chronical disease screening"
"Saudi Arabia","Systems","Health","Disease surveillance & outbreak forecasting — early-warning models on notifiable diseases and hospital admissions."
"Saudi Arabia","Systems","Health","Sehhaty AI scheduling & triage — appointment prioritization, no-show prediction, symptom triage."
"Saudi Arabia","Systems","Procurement","Etimad GPT - Generative AI smart assistant that provides beneficiaries with direct access to information on national systems, primarily the Government Tenders and Procurement Law and its implementing regulations, using an approved knowledge base."
"Saudi Arabia","Systems","Procurement","An AI-enabled smart assistant available on Etimad Platform to provide instant responses to user inquiries and support beneficiaries in accessing information related to government procurement and financial services."
"Saudi Arabia","Systems","Procurement","Etimad Developer Portal / Government Contract Data Inquiry API - API-based access to reliable and updated government contract data for integration with beneficiary systems"
"Saudi Arabia","Systems","PublicFinance","Etimad GPT Generative AI smart assistant that provides beneficiaries with direct access to information on national systems, primarily the Government Tenders and Procurement Law and its implementing regulations, using an approved knowledge base"
"Saudi Arabia","Systems","PublicFinance","An AI-enabled smart assistant available on Etimad Platform to provide instant responses to user inquiries and support beneficiaries in accessing information related to government procurement and financial services."
"Saudi Arabia","Systems","PublicFinance","Etimad Developer Portal / Government Contract Data Inquiry API - API-based access to reliable and updated government contract data for integration with beneficiary systems"
"Saudi Arabia","Systems","Tax","Rased - AI-based operational product for managing border crossings by forecasting incoming and outgoing vehicle traffic using historical, weather, seasonal and operational data; supports port readiness, resource allocation, shift scheduling and congestion reduction"
"Saudi Arabia","Systems","Tax","ERAD: Taxation system"
"Saudi Arabia","Systems","Tax","Ask Ziyad digital assistant - AI digital assistant supporting ZATCA beneficiaries with zakat, tax and customs information and service guidance."
"Singapore","Agency","Agency","Pair Chat - A secure AI chatbot for public officers' daily tasks"
"Singapore","Agency","Agency","AIBots - platform for Public Officers to create customised Generative AI chatbots"
"Singapore","Agency","Agency","Transcribe, a speech-to-text platform that allows public officers to instantaneously receive live transcriptions of their source materials"
"Singapore","Manager","CivilService","AI-powered recommender / bot for Service Delivery - To provide personalised, proactive and omni-channel recommendations on relevant Govt schemes to citizens"
"Singapore","Manager","CivilService","Pair Chat"
"Singapore","Manager","CivilService","Query@Gov HR Chatbot - To respond to Employee queries on HR policies"
"Singapore","Manager","Education","Learning assistant (LEA) - student tutoring"
"Singapore","Manager","Education","LangBuddy - interactive mother tongue language voice chatbot"
"Singapore","Manager","Education","Markly - teacher's marking co-pilot"
"Singapore","Manager","Health","AI 360 View"
"Singapore","Manager","Health","Ask MOH"
"Singapore","Manager","Health","Claims Fraud Detection"
"Singapore","Manager","Procurement","Instruction Manual (IM) Query Chatbot, allows users to query on procurement IM"
"Singapore","Manager","Procurement","Specification Drafter to allow users to generate a first draft of requirement specifications using a combination of historical requirement specifications and users prompts"
"Singapore","Manager","Procurement","Small Value Purchase (SVP) Assistant helps users navigate small value procurement rules and processes, providing direct links to relevant procurement guidelines, internal workflow procedures, and user guides"
"Singapore","Manager","PublicFinance","Virtual Intelligent Chat Assistant (VICA) - provide answers to public enquries"
"Singapore","Manager","Tax","Virtual Intelligent Chat Assistant (VICA): AI powered IRAS Bot to automate and enhance taxpayer enquiry handling"
"Singapore","Manager","Tax","Intelligent Network Analysis Tool (iNAT): In house network analysis tool that maps and analyses taxpayer relationships to strengthen compliance and investigative work."
"Singapore","Manager","Tax","Smart Writing Engine for Emails (SWEE): In house GenAI writing assistant"
"Singapore","Systems","CivilService","Job Description Generation - Generate Job description for roles to be hired in the agency"
"Singapore","Systems","CivilService","Query@Gov Chatbot - To answer Employee's queries on HR Policies"
"Singapore","Systems","CivilService","Orion CV Screening -To screen CVs of potential applicants to public sector jobs"
"Singapore","Systems","Education","LangBuddy Mother Tongue language learning app"
"Singapore","Systems","Education","Markly - AI feedback marking assistant"
"Singapore","Systems","Education","AI Platform - evaluation of AI trust, safety, accuracy"
"Singapore","Systems","Health","AI 360 Regulation"
"Singapore","Systems","Health","Aberration Check"
"Singapore","Systems","Health","Claims Fraud Detection"
"Singapore","Systems","Procurement","Procurement Workload Forecast Dashboard - Allows agencies to do a 6 months forecast of possible workload based on past trends (2 or 3 years). Also help agency identify possible spike in procurement workload in the upcoming month(s) so that adequate manpower can be planned beforehand."
"Singapore","Systems","Procurement","Category Code Recommender - Automatically recommends the most relevant procurement category code"
"Singapore","Systems","Procurement","Procurement Documents Drafter - Allows agencies to generate documents based on their chosen documents such as Specifications and Approval of Requirements"
"Singapore","Systems","PublicFinance","AI for FI - A GenAI custom-built python application that empowers finance officers or business users to obtain quick insights (in the form of natural language narrative and visualisation charts) from finance-related data by asking natural language queries without requiring any prior knowledge of structured query language (SQL) or data analytics."
"Singapore","Systems","PublicFinance","Cumulus - PRISM Machine Learning for Predicting Late Supplier Payments. Machine Learning Model to analyse historical patterns within supplier invoices and predict late supplier payments. This will allow agencies to take pre-emptive actions to mitigate the risk of late supplier payments and to achieve WOG KPI on prompt payment"
"Singapore","Systems","PublicFinance","AGEM - Audit Insights & Reporting (AIR) Tools. GenAI Bots used to detect discrepancies in transactions, accuracy and completeness of documentation, and checks against SOPs to detect non-compliance against policy and best practices."
"Singapore","Systems","Tax","Nil"
"South Sudan","Agency","Agency","1. Disaster Management and Forecasting: The South Sudan Red Cross (SSRC) and OCHA use INFLOW-AI to forecast Nile flooding using transformer models, allowing for anticipatory funding and faster disaster response. AI algorithms and neural networks have also been used to predict flood risks with high accuracy. 
2. Agricultural Support: AI-powered mobile solutions, such as Smart Cassava, are being introduced for crop diagnosis and severity analysis. Machine learning models (like CropGuard) are used to detect and drive away birds to protect crops
3. Disaster Communication Chatbots: UNESCO has trained personnel on AI chatbots to disseminate disaster information, identify safe locations, and improve disaster response efficiency."
"South Sudan","Agency","Agency","Smart Casava"
"South Sudan","Agency","Agency","South Sudan Disaster Communication Chatbots:"
"Tajikistan","Agency","Agency","Smart City cameras and traffic control"
"Tajikistan","Agency","Agency","Centralized portal of public services"
"Tajikistan","Manager","Tax","accounting of individuals"
"Tajikistan","Systems","Tax","Accounting for individuals"
"Tajikistan","Systems","Tax","Registration in the ""My Tax"" mobile application"
"Tajikistan","Systems","Tax","Registration as an individual entrepreneur"
"Thailand","Agency","Agency","Ask AI"
"Thailand","Agency","Agency","Facial Recognition Technology : FRT"
"Thailand","Agency","Agency","MOT Executive Dashboard"
"Thailand","Manager","CivilService","M365 Copilot"
"Thailand","Manager","Health","AI Chest X-ray (pulmonary tuberculosis and lung cancer detection)"
"Thailand","Manager","Health","MOR-ASR Documentation"
"Thailand","Manager","Procurement","Copilot"
"Thailand","Manager","Procurement","ChatGPT"
"Thailand","Manager","PublicFinance","Chat GPT – research, analyze data"
"Thailand","Manager","PublicFinance","Gemini – research, analyze data"
"Thailand","Manager","PublicFinance","Notebooklm – presentation"
"Thailand","Manager","Tax","Nong Aree: Provides tax-related inquiry services for the public."
"Thailand","Manager","Tax","RD - DocChat: Answers questions based on relevant documents."
"Thailand","Manager","Tax","RD - DocGen: Generates official government correspondence."
"Thailand","Systems","CivilService","Check the Photos of government officials"
"Thailand","Systems","Health","AI Chest X-ray (pulmonary tuberculosis and lung cancer detection)"
"Thailand","Systems","Health","Ai Retina (Diabetic retinopathy detection)"
"Thailand","Systems","Health","Medical document summarization"
"Turkiye","Agency","Agency","Turkish Brain Project: By analyzing MRI scans of patients with brain tumors, artificial intelligence algorithms can be trained, and with the help of advanced scientific techniques, abnormal areas in the brain can be identified and subsequently classified."
"Turkiye","Agency","Agency","Digital Eye – Mammography Project: aims to revolutionize the early diagnosis of breast cancer. The goal is to enhance the accuracy of radiologists’ mammography evaluation processes and minimize issues arising from human error through a newly developed AI-powered decision support system. The AI model analyzes mammography images to identify high-risk cases and prioritizes these for review by radiologists."
"Turkiye","Agency","Agency","Digital Eye – Liver Project: The project performs AI-powered mass detection and classification. The AI models developed were integrated into the reporting system of the Ministry of Health’s Cancer Early Diagnosis Screening and Education Center, and the system’s first version was put into use. This provided support to relevant specialists for the faster and prioritized reporting of patients with potentially malignant masses. Additionally, an AI-based decision support system was provided to radiologists for testing purposes during the review of patients’ mammography images at hospitals affiliated with Başkent and Ankara Universities."
"Turkiye","Manager","CivilService","Kariyer Kapısı: A career platform developed through e-Government integration to enhance merit and competence in employment and to share job and internship postings with the public in an effective, transparent, and reliable manner"
"Turkiye","Manager","CivilService","Kamu Personel Bilgi Sistemi: The Public Personnel Information System (KPBS/PBS) is a system operated by the Presidency of Strategy and Budget that centralizes all data related to public sector employees—including personnel records, appointments, staffing, leave, and disciplinary actions—in a centralized digital platform. Its objectives are to reduce bureaucracy, save time and labor, lower error rates, and provide efficient and transparent human resources management."
"Turkiye","Manager","CivilService","."
"Turkiye","Manager","Education","MEBBYS – AI-supported decision-support and business intelligence system integrated with GIS. Uses ML on large-scale educational, administrative, and spatial data for predictive analytics, early warning capabilities, and real-time insights supporting strategic planning and resource allocation.

Ai-based personalized guidance robot for lifelong learners

With the piloted guidance and course recommendation module, trainees are directed to the most suitable training programs by taking into account their age, education level, city of residence, and previous learning. Thanks to this personalized system, individuals aim to access courses that match their interests and needs more quickly. Developed with a digital guidance approach, the application is a chat-bot that will enable individuals to choose the most suitable training for them.

MEBİ Individual Learning Platform
It is s a digital educational ecosystem developed by the Ministry of National Education (MEB) to provide personalized, AI-supported learning for students and graduates."
"Turkiye","Manager","Education","EBA Assistant – LLM-based personalised learning assistant. Delivers customised content recommendations, study plans, and instant academic support to students based on learner data. Leverages generative AI and learning analytics to enhance student engagement and self-regulated learning."
"Turkiye","Manager","Education","DİLİM – AI-supported language learning platform aligned with CEFR. Uses AI-based assessment models to analyse learner performance in speaking and writing tasks. Supports adaptive learning pathways by providing targeted feedback tailored to individual proficiency levels."
"Turkiye","Manager","Health","AI-Based Decision Support System for Mammography Images: AI-assisted radiological decision support for early breast cancer detection in mammography screening"
"Turkiye","Manager","Health","Brain CT Stroke AI Project: Automatic detection of stroke (hemorrhage/occlusion) from CT images"
"Turkiye","Manager","Health","MKYS Artificial Intelligence Project: To extract product attributes from free-text medical supply records, standardize the data, and detect duplicate entries to improve data quality"
"Turkiye","Manager","Procurement","Summarization of complaint appeal"
"Turkiye","Manager","Procurement","."
"Turkiye","Manager","PublicFinance","AI supported accounting and Advanced Analytic Platform to detect anomalies on public expenditure"
"Turkiye","Manager","PublicFinance","."
"Turkiye","Manager","Tax","SARP: A computer program known as the “Fake Document Risk Analysis Program” (SARP) has been developed to analyze the risk profiles of taxpayers who issue fake invoices using a quantitative measurement method. This program calculates a monthly risk score for all active value-added tax taxpayers in Türkiye."
"Turkiye","Manager","Tax","OZELGE Project: This project aims to identify similar records by analyzing data in the ruling database using Artificial Intelligence, automate manual query processes, and ensure full digital integration with the Revenue Administration’s Ruling Commission. By developing an automation infrastructure capable of quickly providing the most appropriate and accurate responses to taxpayer requests, the project aims to enhance operational efficiency while maximizing tax compliance and taxpayer satisfaction."
"Turkiye","Manager","Tax","."
"Turkiye","Systems","CivilService","Kariyer kapısı"
"Turkiye","Systems","CivilService","Kamu Personeli Bilgi Sistemi"
"Turkiye","Systems","CivilService","."
"Turkiye","Systems","Education","MEBBYS – AI-supported decision-support and ministry intelligence system integrated with GIS. Uses ML on large-scale educational, administrative, and spatial data for predictive analytics, early warning, and real-time insights supporting strategic planning and resource allocation."
"Turkiye","Systems","Education","EBA Assistant – LLM-based personalised learning assistant delivering customised content recommendations, study plans, and instant academic support to students based on learner data."
"Turkiye","Systems","Education","DİLİM – AI-supported language learning platform aligned with CEFR, using AI-based assessment models to analyse learner performance in speaking and writing tasks and provide adaptive feedback"
"Turkiye","Systems","Health","AI-Based Decision Support System for Mammography Images: AI-assisted radiological decision support for early breast cancer detection in mammography screening"
"Turkiye","Systems","Health","Brain CT Stroke AI Project: Automatic detection of stroke (hemorrhage/occlusion) from CT images"
"Turkiye","Systems","Health","MKYS Artificial Intelligence Project: To extract product attributes from free-text medical supply records, standardize the data, and detect duplicate entries to improve data quality"
"Turkiye","Systems","Procurement","Summarization of complaint appeal"
"Turkiye","Systems","Procurement","."
"Turkiye","Systems","PublicFinance","AI Supported Accounting and Advanced Analytic Platform to detect anomalies on public expenditure"
"Turkiye","Systems","PublicFinance","."
"Turkiye","Systems","Tax","SARP: A computer program known as the “Fake Document Risk Analysis Program” (SARP) has been developed to analyze the risk profiles of taxpayers who issue fake invoices using a quantitative measurement method. This program calculates a monthly risk score for all active value-added tax taxpayers in Türkiye."
"Turkiye","Systems","Tax","Ozelge: This project aims to identify similar records by analyzing data in the ruling database using Artificial Intelligence, automate manual query processes, and ensure full digital integration with the Revenue Administration’s Ruling Commission. By developing an automation infrastructure capable of quickly providing the most appropriate and accurate responses to taxpayer requests, the project aims to enhance operational efficiency while maximizing tax compliance and taxpayer satisfaction."
"Turkiye","Systems","Tax","."
"Uganda","Agency","Agency","AI-HR ASSISTANT ;- This is a chatbot embedded in our Electronic Document Management System that supports HR related queries, consultations about staff administration."
"Uganda","Systems","PublicFinance","Intergrated Financial Management System (Oracle Enterprise Business Suite) Configuration Support – an NLP agent extracts a snapshot of the current system configuration state, covering workflow and business logic, security rules, role segregation, and cross-MDA data access conditions. It then analyses existing configurations to recommend workflow optimisations, security hardening measures, and data validation checks aligned with best practices. Rule-based integrity checks validate that proposed configurations will not violate data integrity, security, or compliance requirements. AI-assisted test scripts and data scenarios are generated to validate new configurations in the test environment before migration to production."
"Uganda","Systems","PublicFinance","Electronic Document and Records Management System; AI-assisted document review, upload, and classification across systems; personalized document search and preference-based notifications; and AI-powered retrieval and summarisation of archived documents—including policies and treasury instructions—with results linked directly to source documents"
"Uganda","Systems","PublicFinance","AI-assisted call center dynamically generates accurate, policy-compliant responses to citizen enquiries by processing natural-language prompts against Treasury knowledge bases and operational workflows. The system routes complex questions to the appropriate specialist, and provides agents with real-time suggested replies, reducing average handle times and improving overall service quality"
"Uganda","Systems","Tax","Image analysis for NII"
"Ukraine","Agency","Agency","Diia AI - This is the world's first national AI assistant. An assistant that can fulfill your requests and provide ready-made services directly in the chat on the main page of the Diya portal."
"Ukraine","Manager","CivilService","1"
"Ukraine","Manager","Health","Digital vision screening using artificial intelligence – a project aimed at the early detection of retinal damage in patients with diabetes, with a view to ensuring timely referral to an ophthalmologist and reducing the risk of vision loss."
"Ukraine","Manager","Health","The use of artificial intelligence to analyse CT scan results – healthcare facilities are introducing AI-based solutions for analysing CT scans, enabling doctors to assess scan results more quickly and accurately."
"Ukraine","Manager","Health","Artificial intelligence helps diagnose tuberculosis and other lung conditions — results of using state-of-the-art equipment in Ukraine"
"Ukraine","Manager","PublicFinance","No AI projects are currently deployed or piloted"
"Ukraine","Manager","PublicFinance","__"
"Ukraine","Systems","Health","Відсутні"
"Ukraine","Systems","Health","Відсутній"
"United Arab Emirates","Agency","Agency","U.ask - The UAE federal government's bilingual (Arabic/English) generative AI assistant, integrated into the official national portal u.ae. It provides unified, conversational access to government services and information, automating responses to citizen and resident enquiries across federal entities"
"United Arab Emirates","Agency","Agency","TAMM Platform (AI-supported Government Services)- It consolidates services across more than 50 entities into a single citizen and business journey, with AI delivering personalised recommendations, intelligent document triage, conversational service navigation, and proactive service prompts. TAMM is being repositioned as the operational backbone of Abu Dhabi's ""AI-native government by 2027"" commitment."
"United Arab Emirates","Agency","Agency","(GAIA) secure, government-wide platform that enables federal entities to rapidly develop, deploy, and operate AI agents. It automates internal workflows, augments employee tasks, and powers AI-driven public service delivery at scale , providing a shared sovereign infrastructure layer so individual ministries do not need to build foundational AI capability from scratch."
"Uruguay","Agency","Agency","Agesic - Automatización de asignación sistema ServiceDesk de Agesic con IA"
"Uruguay","Agency","Agency","ANCAP (Administración Nacional de Combustibles, Alcohol y Portland) - Proyección de demanda de gas oíl, gasolinas y gas licuado de petróleo (GLP)"
"Uruguay","Agency","Agency","Ceibal (educación) – Tutorías virtuales"
"Uruguay","Manager","Education","SAT tutors support for marking assignments"
"Uruguay","Manager","Education","PowerBuddy Content generation for teachers embedded in LMS"
"Uruguay","Manager","Education","Aleks adaptive math platform"
"Uruguay","Manager","PublicFinance","Phyton"
"Uruguay","Manager","PublicFinance","Chat GPT / Copilot"
"Uruguay","Systems","Education","OBI chatbot for student guidance in executive functions"
"Uruguay","Systems","Education","Adaptative English Test"
"Uruguay","Systems","Education","School drop out forcasting"
"West Bank and Gaza","Agency","Agency","no applications"
"West Bank and Gaza","Manager","PublicFinance","power BI   for reports  from payroll system , financial  system  ,  tax system and customs ."
"West Bank and Gaza","Manager","PublicFinance","no"
"West Bank and Gaza","Manager","PublicFinance","0"
"West Bank and Gaza","Systems","Education","Data analysis"
"West Bank and Gaza","Systems","Education","Personalization"
"West Bank and Gaza","Systems","Education","Inervention"
"West Bank and Gaza","Systems","Tax","Power BI"
"West Bank and Gaza","Systems","Tax","0"
